Mass,Radius,Pressure,Type
0.006321132893331085,1.5400000000000011,1.5,1
0.006981956900452697,1.5900000000000012,1.6,1
0.007662614967306873,1.6400000000000012,1.7000000000000002,1
0.008362300918892288,1.6900000000000013,1.8000000000000003,1
0.009080275310292454,1.7400000000000013,1.9000000000000004,1
0.00981585637712412,1.7900000000000014,2.0000000000000004,1
0.01056841264618831,1.8300000000000014,2.1000000000000005,1
0.011337356822359956,1.8700000000000014,2.2000000000000006,1
0.012122140689082276,1.9100000000000015,2.3000000000000007,1
0.012922250789855169,1.9600000000000015,2.400000000000001,1
0.013737204785693891,2.0000000000000013,2.500000000000001,1
0.01456654831995731,2.0400000000000005,2.600000000000001,1
0.01540985231712154,2.07,2.700000000000001,1
0.016266710644769172,2.109999999999999,2.800000000000001,1
0.01713673806530643,2.149999999999998,2.9000000000000012,1
0.018019568455883973,2.1799999999999975,3.0000000000000013,1
0.018914853219081672,2.2199999999999966,3.1000000000000014,1
0.019822259890334943,2.249999999999996,3.2000000000000015,1
0.020741470897535162,2.289999999999995,3.3000000000000016,1
0.021672182436101965,2.3199999999999945,3.4000000000000017,1
0.02261410358388563,2.349999999999994,3.5000000000000018,1
0.02356695505029557,2.389999999999993,3.600000000000002,1
0.024530468876078834,2.4199999999999924,3.700000000000002,1
0.025504387374829244,2.4499999999999917,3.800000000000002,1
0.026488462553204122,2.479999999999991,3.900000000000002,1
0.027482455499481244,2.5099999999999905,4.000000000000002,1
0.02848613584994755,2.53999999999999,4.100000000000002,1
0.029499281263911204,2.569999999999989,4.200000000000003,1
0.030521676979268286,2.5999999999999885,4.3000000000000025,1
0.031553115382666065,2.629999999999988,4.400000000000002,1
0.03259339561898251,2.6599999999999873,4.500000000000003,1
0.033642323228459885,2.6899999999999866,4.600000000000003,1
0.03469970982061494,2.709999999999986,4.700000000000003,1
0.03576537275707063,2.7399999999999856,4.8000000000000025,1
0.03683913486907645,2.769999999999985,4.900000000000003,1
0.0379208242019597,2.7899999999999845,5.0,1
0.04913915311312767,3.039999999999979,6.0,1
0.06099190065846586,3.2699999999999743,7.0,1
0.07336551161461277,3.46999999999997,8.0,1
0.0861685534558987,3.659999999999966,9.0,1
0.09932574145658003,3.839999999999962,10.0,1
0.11277405164927932,3.9999999999999587,11.0,1
0.1264600527539491,4.159999999999956,12.0,1
0.14033799661288587,4.299999999999953,13.0,1
0.15436840500382842,4.43999999999995,14.0,1
0.16851699502980746,4.569999999999947,15.0,1
0.18275384316195226,4.689999999999944,16.0,1
0.1970527225423383,4.799999999999942,17.0,1
0.21139057022874183,4.9199999999999395,18.0,1
0.22574704648557883,5.019999999999937,19.0,1
0.240104180855766,5.119999999999935,20.0,1
0.254446066704563,5.219999999999933,21.0,1
0.2687586083230932,5.309999999999931,22.0,1
0.2830293051690668,5.399999999999929,23.0,1
0.2972470671210743,5.489999999999927,24.0,1
0.31140205546886146,5.569999999999926,25.0,1
0.3254855450574218,5.649999999999924,26.0,1
0.33948980431532394,5.729999999999922,27.0,1
0.35340799028247993,5.799999999999921,28.0,1
0.36723405641060375,5.869999999999919,29.0,1
0.38096267129857103,5.939999999999918,30.0,1
0.39458914676539625,6.009999999999916,31.0,1
0.4081093739874943,6.079999999999915,32.0,1
0.42151976673530817,6.1399999999999135,33.0,1
0.4348172106506333,6.199999999999912,34.0,1
0.4479990178911699,6.259999999999911,35.0,1
0.46106288646551025,6.31999999999991,36.0,1
0.47400686369644784,6.369999999999909,37.0,1
0.48682931333619206,6.419999999999908,38.0,1
0.4995288859018498,6.479999999999906,39.0,1
0.5121044919126717,6.529999999999905,40.0,1
0.5245552776477639,6.579999999999904,41.0,1
0.5368806031952204,6.619999999999903,42.0,1
0.5490800225816785,6.669999999999902,43.0,1
0.5611532656592783,6.719999999999901,44.0,1
0.5731002216965009,6.7599999999999,45.0,1
0.5849209244338234,6.7999999999998995,46.0,1
0.5966155384595253,6.849999999999898,47.0,1
0.6081843467978242,6.8899999999998975,48.0,1
0.6196277395868335,6.929999999999897,49.0,1
0.6309462037323808,6.959999999999896,50.0,1
0.6421403134661007,6.999999999999895,51.0,1
0.653210721708281,7.039999999999894,52.0,1
0.6641581521601175,7.069999999999894,53.0,1
0.6749833920909097,7.109999999999893,54.0,1
0.685687285706973,7.139999999999892,55.0,1
0.6962707280952621,7.179999999999891,56.0,1
0.7067346596649442,7.209999999999891,57.0,1
0.7170800610694796,7.23999999999989,58.0,1
0.727307948529998,7.269999999999889,59.0,1
0.7374193695619964,7.299999999999889,60.0,1
0.7474153990636629,7.329999999999888,61.0,1
0.7572971357005509,7.3599999999998875,62.0,1
0.7670656986433217,7.389999999999887,63.0,1
0.7767222245072587,7.419999999999886,64.0,1
0.7862678646122478,7.439999999999886,65.0,1
0.7957037824257444,7.469999999999885,66.0,1
0.805031151236771,7.4999999999998845,67.0,1
0.8142511520491359,7.519999999999884,68.0,1
0.8233649715997319,7.539999999999884,69.0,1
0.8323738005951518,7.569999999999883,70.0,1
0.8412788320666803,7.589999999999883,71.0,1
0.850081259883243,7.619999999999882,72.0,1
0.858782277386278,7.6399999999998816,73.0,1
0.8673830761493457,7.659999999999881,74.0,1
0.8758848448409193,7.679999999999881,75.0,1
0.8842887681936971,7.69999999999988,76.0,1
0.8925960260681802,7.71999999999988,77.0,1
0.9008077925883511,7.739999999999879,78.0,1
0.9089252353919618,7.759999999999879,79.0,1
0.9169495149116554,7.779999999999879,80.0,1
0.9248817837497592,7.799999999999878,81.0,1
0.9327231861047337,7.819999999999878,82.0,1
0.940474857277344,7.839999999999877,83.0,1
0.9481379231897614,7.859999999999877,84.0,1
0.9557134999965096,7.879999999999876,85.0,1
0.9632026937067526,7.889999999999876,86.0,1
0.9706065998745149,7.909999999999876,87.0,1
0.9779263033131291,7.929999999999875,88.0,1
0.9851628778464842,7.939999999999875,89.0,1
0.9923173860914349,7.959999999999875,90.0,1
0.9993908792921149,7.9699999999998745,91.0,1
1.0063843971389919,7.989999999999874,92.0,1
1.0132989676622963,7.999999999999874,93.0,1
1.0201356071162087,8.019999999999873,94.0,1
1.0268953198930568,8.029999999999873,95.0,1
1.0335790984651454,8.049999999999873,96.0,1
1.0401879233365192,8.059999999999873,97.0,1
1.0467227630086648,8.079999999999872,98.0,1
1.0531845739859407,8.089999999999872,99.0,1
1.0595743052346303,8.099999999999872,100.0,1
1.0658928803482466,8.119999999999871,101.0,1
1.0721412242826225,8.129999999999871,102.0,1
1.0783202456533036,8.139999999999871,103.0,1
1.0844308411783399,8.14999999999987,104.0,1
1.0904738957681357,8.15999999999987,105.0,1
1.0964502825629987,8.17999999999987,106.0,1
1.1023608630239858,8.18999999999987,107.0,1
1.1082064870081467,8.19999999999987,108.0,1
1.1139879928455045,8.20999999999987,109.0,1
1.1197062074429935,8.21999999999987,110.0,1
1.1253619463758806,8.229999999999869,111.0,1
1.1309560139871198,8.239999999999869,112.0,1
1.1364892034887186,8.249999999999869,113.0,1
1.1419622970788228,8.259999999999868,114.0,1
1.1473760660542396,8.269999999999868,115.0,1
1.152731270911719,8.279999999999868,116.0,1
1.1580286614771595,8.289999999999868,117.0,1
1.1632689770201103,8.299999999999867,118.0,1
1.1684529463726503,8.309999999999867,119.0,1
1.173581288049031,8.319999999999867,120.0,1
1.17865471038814,8.329999999999867,121.0,1
1.1836739116455395,8.339999999999867,122.0,1
1.1886395801438594,8.349999999999866,123.0,1
1.1935523943965665,8.349999999999866,124.0,1
1.1984130232206323,8.359999999999866,125.0,1
1.2032221258710252,8.369999999999866,126.0,1
1.2079803521735535,8.379999999999866,127.0,1
1.2126883426330013,8.389999999999866,128.0,1
1.217346728577336,8.389999999999866,129.0,1
1.2219561322819326,8.399999999999865,130.0,1
1.226517167081106,8.409999999999865,131.0,1
1.2310304375022134,8.419999999999865,132.0,1
1.2354965393931103,8.419999999999865,133.0,1
1.2399160600376404,8.429999999999865,134.0,1
1.2442895782822965,8.439999999999864,135.0,1
1.2486176646588385,8.439999999999864,136.0,1
1.2529008815014984,8.449999999999864,137.0,1
1.2571397830646651,8.459999999999864,138.0,1
1.2613349156526155,8.459999999999864,139.0,1
1.2654868177251477,8.469999999999864,140.0,1
1.2695960200181282,8.479999999999864,141.0,1
1.273663045657128,8.479999999999864,142.0,1
1.277688410276593,8.489999999999863,143.0,1
1.2816726221231458,8.499999999999863,144.0,1
1.2856161821773222,8.499999999999863,145.0,1
1.2895195842570526,8.509999999999863,146.0,1
1.2933833151229326,8.509999999999863,147.0,1
1.2972078545974217,8.519999999999863,148.0,1
1.3009936756625253,8.519999999999863,149.0,1
1.3047412445579263,8.529999999999863,150.0,1
1.3084510209059537,8.529999999999863,151.0,1
1.3121234577846088,8.539999999999862,152.0,1
1.3157590018543832,8.539999999999862,153.0,1
1.3193580934438869,8.549999999999862,154.0,1
1.3229211666448473,8.549999999999862,155.0,1
1.3264486494195753,8.559999999999862,156.0,1
1.3299409636873858,8.559999999999862,157.0,1
1.333398525421284,8.569999999999862,158.0,1
1.3368217447392599,8.569999999999862,159.0,1
1.3402110259982918,8.579999999999862,160.0,1
1.3435667678811707,8.579999999999862,161.0,1
1.3468893634778385,8.589999999999861,162.0,1
1.3501792003929367,8.589999999999861,163.0,1
1.353436660809961,8.589999999999861,164.0,1
1.3566621215856243,8.599999999999861,165.0,1
1.3598559543305608,8.599999999999861,166.0,1
1.3630185254921412,8.60999999999986,167.0,1
1.3661501964354286,8.60999999999986,168.0,1
1.3692513235223063,8.60999999999986,169.0,1
1.3723222581813523,8.61999999999986,170.0,1
1.3753633470033981,8.61999999999986,171.0,1
1.378374931798507,8.61999999999986,172.0,1
1.3813573496788603,8.62999999999986,173.0,1
1.384310933126477,8.62999999999986,174.0,1
1.3872360100775594,8.62999999999986,175.0,1
1.3901329039795243,8.63999999999986,176.0,1
1.3930019338643367,8.63999999999986,177.0,1
1.3958434144192555,8.63999999999986,178.0,1
1.3986576560600124,8.64999999999986,179.0,1
1.4014449649847909,8.64999999999986,180.0,1
1.4042056432441246,8.64999999999986,181.0,1
1.4069399888123866,8.65999999999986,182.0,1
1.409648295639809,8.65999999999986,183.0,1
1.4123308537228823,8.65999999999986,184.0,1
1.4149879491610111,8.66999999999986,185.0,1
1.4176198642189215,8.66999999999986,186.0,1
1.4202268773814255,8.66999999999986,187.0,1
1.4228092634197222,8.66999999999986,188.0,1
1.4253672934404404,8.67999999999986,189.0,1
1.4279012349459594,8.67999999999986,190.0,1
1.4304113518882011,8.67999999999986,191.0,1
1.432897904725008,8.67999999999986,192.0,1
1.4353611504696466,8.68999999999986,193.0,1
1.4378013427496605,8.68999999999986,194.0,1
1.4402187318471733,8.68999999999986,195.0,1
1.4426135647683866,8.68999999999986,196.0,1
1.4449860852743348,8.68999999999986,197.0,1
1.4473365339397894,8.699999999999859,198.0,1
1.449665148202816,8.699999999999859,199.0,1
1.451972162405425,8.699999999999859,200.0,1
1.4542578078471669,8.699999999999859,201.0,1
1.4565223128288918,8.709999999999859,202.0,1
1.458765902695506,8.709999999999859,203.0,1
1.460988799879898,8.709999999999859,204.0,1
1.46319122395857,8.709999999999859,205.0,1
1.4653733916716698,8.709999999999859,206.0,1
1.4675355169922093,8.709999999999859,207.0,1
1.4696778111469555,8.719999999999859,208.0,1
1.4718004826601323,8.719999999999859,209.0,1
1.4739037374101303,8.719999999999859,210.0,1
1.4759877786492386,8.719999999999859,211.0,1
1.4780528070484311,8.719999999999859,212.0,1
1.4800990207443432,8.719999999999859,213.0,1
1.4821266153647525,8.729999999999858,214.0,1
1.4841357840729235,8.729999999999858,215.0,1
1.4861267176018855,8.729999999999858,216.0,1
1.488099604287585,8.729999999999858,217.0,1
1.4900546301114725,8.729999999999858,218.0,1
1.4919919787292801,8.729999999999858,219.0,1
1.4939118314994149,8.729999999999858,220.0,1
1.4958143675336655,8.739999999999858,221.0,1
1.4976997637143945,8.739999999999858,222.0,1
1.4995681947314665,8.739999999999858,223.0,1
1.5014198331181505,8.739999999999858,224.0,1
1.503254849274601,8.739999999999858,225.0,1
1.505073411506686,8.739999999999858,226.0,1
1.5068756860514854,8.739999999999858,227.0,1
1.508661837112452,8.739999999999858,228.0,1
1.5104320268794929,8.749999999999858,229.0,1
1.5121864155660911,8.749999999999858,230.0,1
1.5139251614345595,8.749999999999858,231.0,1
1.5156484208240997,8.749999999999858,232.0,1
1.5173563481779813,8.749999999999858,233.0,1
1.51904909607162,8.749999999999858,234.0,1
1.5207268152420728,8.749999999999858,235.0,1
1.5223896546025943,8.749999999999858,236.0,1
1.5240377612804412,8.749999999999858,237.0,1
1.5256712806450288,8.749999999999858,238.0,1
1.5272903563179825,8.749999999999858,239.0,1
1.5288951302083225,8.749999999999858,240.0,1
1.530485742534308,8.759999999999858,241.0,1
1.532062331848789,8.759999999999858,242.0,1
1.53362503505779,8.759999999999858,243.0,1
1.5351739874491361,8.759999999999858,244.0,1
1.5367093227105055,8.759999999999858,245.0,1
1.5382311729583338,8.759999999999858,246.0,1
1.5397396687452214,8.759999999999858,247.0,1
1.541234939103542,8.759999999999858,248.0,1
1.5427171115476328,8.759999999999858,249.0,1
1.544186312103694,8.759999999999858,250.0,1
1.545642665326284,8.759999999999858,251.0,1
1.5470862943233628,8.759999999999858,252.0,1
1.5485173207715137,8.759999999999858,253.0,1
1.549935864938302,8.759999999999858,254.0,1
1.551342045701521,8.759999999999858,255.0,1
1.5527359805672387,8.759999999999858,256.0,1
1.5541177856841064,8.759999999999858,257.0,1
1.5554875758748243,8.759999999999858,258.0,1
1.5568454646418681,8.769999999999857,259.0,1
1.558191564185255,8.769999999999857,260.0,1
1.5595259854302645,8.769999999999857,261.0,1
1.5608488380351242,8.769999999999857,262.0,1
1.5621602304138245,8.769999999999857,263.0,1
1.5634602697506657,8.769999999999857,264.0,1
1.5647490620140223,8.769999999999857,265.0,1
1.5660267119764675,8.769999999999857,266.0,1
1.5672933232328137,8.769999999999857,267.0,1
1.5685489982050342,8.769999999999857,268.0,1
1.569793838176717,8.769999999999857,269.0,1
1.5710279432850571,8.769999999999857,270.0,1
1.5722514125560705,8.769999999999857,271.0,1
1.5734643439102958,8.769999999999857,272.0,1
1.5746668341723822,8.769999999999857,273.0,1
1.5758589791011302,8.769999999999857,274.0,1
1.577040873382447,8.769999999999857,275.0,1
1.578212610666601,8.769999999999857,276.0,1
1.5793742835618882,8.769999999999857,277.0,1
1.5805259836595793,8.769999999999857,278.0,1
1.5816678015438566,8.769999999999857,279.0,1
1.5827998268027716,8.769999999999857,280.0,1
1.583922148047864,8.769999999999857,281.0,1
1.5850348529185228,8.769999999999857,282.0,1
1.5861380281008304,8.769999999999857,283.0,1
1.5872317593382734,8.769999999999857,284.0,1
1.5883161314376197,8.769999999999857,285.0,1
1.5893912282975136,8.769999999999857,286.0,1
1.5904571328962753,8.769999999999857,287.0,1
1.5915139273251773,8.769999999999857,288.0,1
1.5925616927913833,8.769999999999857,289.0,1
1.5936005096273476,8.769999999999857,290.0,1
1.5946304572977212,8.769999999999857,291.0,1
1.5956516144282753,8.769999999999857,292.0,1
1.5966640587961254,8.769999999999857,293.0,1
1.5976678673511668,8.769999999999857,294.0,1
1.5986631162257516,8.769999999999857,295.0,1
1.5996498807424788,8.769999999999857,296.0,1
1.600628235426934,8.769999999999857,297.0,1
1.6015982540131937,8.769999999999857,298.0,1
1.6025600094574528,8.769999999999857,299.0,1
1.6035135739536046,8.769999999999857,300.0,1
1.6044590189320027,8.769999999999857,301.0,1
1.605396415068822,8.769999999999857,302.0,1
1.6063258323051715,8.769999999999857,303.0,1
1.6072473398536744,8.759999999999858,304.0,1
1.6081610062014269,8.759999999999858,305.0,1
1.6090668991173016,8.759999999999858,306.0,1
1.60996508567711,8.759999999999858,307.0,1
1.6108556322534775,8.759999999999858,308.0,1
1.6117386045342836,8.759999999999858,309.0,1
1.6126140675278036,8.759999999999858,310.0,1
1.6134820855727614,8.759999999999858,311.0,1
1.6143427223459657,8.759999999999858,312.0,1
1.6151960408706014,8.759999999999858,313.0,1
1.6160421035234873,8.759999999999858,314.0,1
1.6168809720429447,8.759999999999858,315.0,1
1.6177127075363749,8.759999999999858,316.0,1
1.6185373704913035,8.759999999999858,317.0,1
1.6193550207756677,8.759999999999858,318.0,1
1.6201657176551787,8.759999999999858,319.0,1
1.6209695197868854,8.759999999999858,320.0,1
1.6217664852438338,8.759999999999858,321.0,1
1.6225566715081112,8.759999999999858,322.0,1
1.6233401354819135,8.759999999999858,323.0,1
1.6241169334998489,8.759999999999858,324.0,1
1.6248871213213414,8.759999999999858,325.0,1
1.6256507541618654,8.759999999999858,326.0,1
1.62640788666984,8.759999999999858,327.0,1
1.6271585729592342,8.749999999999858,328.0,1
1.6279028666006985,8.749999999999858,329.0,1
1.628640820633441,8.749999999999858,330.0,1
1.6293724875663054,8.749999999999858,331.0,1
1.6300979193953742,8.749999999999858,332.0,1
1.630817167595174,8.749999999999858,333.0,1
1.631530283138444,8.749999999999858,334.0,1
1.6322373164903197,8.749999999999858,335.0,1
1.6329383176251326,8.749999999999858,336.0,1
1.6336333360232447,8.749999999999858,337.0,1
1.6343224206832425,8.749999999999858,338.0,1
1.6350056201185696,8.749999999999858,339.0,1
1.635682982377085,8.749999999999858,340.0,1
1.6363545550350795,8.749999999999858,341.0,1
1.637020385203095,8.749999999999858,342.0,1
1.6376805195404245,8.749999999999858,343.0,1
1.6383350042515732,8.749999999999858,344.0,1
1.6389838850917782,8.739999999999858,345.0,1
1.6396272073796097,8.739999999999858,346.0,1
1.6402650159933485,8.739999999999858,347.0,1
1.6408973553799346,8.739999999999858,348.0,1
1.64152426956208,8.739999999999858,349.0,1
1.6421458021359114,8.739999999999858,350.0,1
1.6427619962864057,8.739999999999858,351.0,1
1.6433728947827038,8.739999999999858,352.0,1
1.6439785399876727,8.739999999999858,353.0,1
1.6445789738574936,8.739999999999858,354.0,1
1.6451742379555265,8.739999999999858,355.0,1
1.6457643734478182,8.739999999999858,356.0,1
1.6463494211122984,8.739999999999858,357.0,1
1.6469294213371233,8.739999999999858,358.0,1
1.6475044141368624,8.729999999999858,359.0,1
1.6480744391459408,8.729999999999858,360.0,1
1.64863953562241,8.729999999999858,361.0,1
1.6491997424640463,8.729999999999858,362.0,1
1.6497550981976583,8.729999999999858,363.0,1
1.650305640995417,8.729999999999858,364.0,1
1.650851408664819,8.729999999999858,365.0,1
1.651392438672143,8.729999999999858,366.0,1
1.6519287681287367,8.729999999999858,367.0,1
1.6524604338011786,8.729999999999858,368.0,1
1.652987472118234,8.729999999999858,369.0,1
1.6535099191702034,8.729999999999858,370.0,1
1.6540278107125523,8.729999999999858,371.0,1
1.6545411821747762,8.719999999999859,372.0,1
1.6550500686592213,8.719999999999859,373.0,1
1.655554504940827,8.719999999999859,374.0,1
1.6560545254823122,8.719999999999859,375.0,1
1.6565501644285192,8.719999999999859,376.0,1
1.6570414556120174,8.719999999999859,377.0,1
1.6575284325563022,8.719999999999859,378.0,1
1.6580111284813772,8.719999999999859,379.0,1
1.6584895762994256,8.719999999999859,380.0,1
1.6589638086328102,8.719999999999859,381.0,1
1.6594338578007748,8.719999999999859,382.0,1
1.659899755834159,8.719999999999859,383.0,1
1.660361534472714,8.709999999999859,384.0,1
1.660819225170692,8.709999999999859,385.0,1
1.6612728590999757,8.709999999999859,386.0,1
1.6617224671501083,8.709999999999859,387.0,1
1.6621680799358645,8.709999999999859,388.0,1
1.662609727797357,8.709999999999859,389.0,1
1.6630474408011477,8.709999999999859,390.0,1
1.663481248746366,8.709999999999859,391.0,1
1.66391118116967,8.709999999999859,392.0,1
1.6643372673420913,8.709999999999859,393.0,1
1.6647595362748975,8.709999999999859,394.0,1
1.6651780167211172,8.709999999999859,395.0,1
1.6655927371824404,8.699999999999859,396.0,1
1.6660037259058824,8.699999999999859,397.0,1
1.6664110108873604,8.699999999999859,398.0,1
1.66681461988197,8.699999999999859,399.0,1
1.6672145803971627,8.699999999999859,400.0,1
1.6676109196952933,8.699999999999859,401.0,1
1.6680036648083432,8.699999999999859,402.0,1
1.6683928425245182,8.699999999999859,403.0,1
1.6687784793980533,8.699999999999859,404.0,1
1.6691606017565643,8.699999999999859,405.0,1
1.669539235695682,8.699999999999859,406.0,1
1.669914407080824,8.68999999999986,407.0,1
1.6702861415570618,8.68999999999986,408.0,1
1.6706544645466606,8.68999999999986,409.0,1
1.6710194012501702,8.68999999999986,410.0,1
1.6713809766516745,8.68999999999986,411.0,1
1.6717392155190394,8.68999999999986,412.0,1
1.6720941424061015,8.68999999999986,413.0,1
1.6724457816587899,8.68999999999986,414.0,1
1.67279415740739,8.68999999999986,415.0,1
1.673139293582711,8.68999999999986,416.0,1
1.6734812139053943,8.67999999999986,417.0,1
1.6738199418966981,8.67999999999986,418.0,1
1.674155500877469,8.67999999999986,419.0,1
1.6744879139642266,8.67999999999986,420.0,1
1.674817204082069,8.67999999999986,421.0,1
1.6751433939623857,8.67999999999986,422.0,1
1.6754665061382605,8.67999999999986,423.0,1
1.6757865629595272,8.67999999999986,424.0,1
1.6761035865772322,8.67999999999986,425.0,1
1.6764175989657415,8.67999999999986,426.0,1
1.676728621906698,8.67999999999986,427.0,1
1.6770366770039566,8.66999999999986,428.0,1
1.6773417856731916,8.66999999999986,429.0,1
1.6776439691565899,8.66999999999986,430.0,1
1.6779432485167554,8.66999999999986,431.0,1
1.678239644637586,8.66999999999986,432.0,1
1.6785331782322617,8.66999999999986,433.0,1
1.6788238698377882,8.66999999999986,434.0,1
1.6791117398231534,8.66999999999986,435.0,1
1.679396808386398,8.66999999999986,436.0,1
1.6796790955582126,8.66999999999986,437.0,1
1.679958621202783,8.65999999999986,438.0,1
1.6802354050182975,8.65999999999986,439.0,1
1.68050946654593,8.65999999999986,440.0,1
1.6807808251608962,8.65999999999986,441.0,1
1.68104950007764,8.65999999999986,442.0,1
1.6813155103568997,8.65999999999986,443.0,1
1.6815788748999891,8.65999999999986,444.0,1
1.6818396124524404,8.65999999999986,445.0,1
1.6820977416102039,8.65999999999986,446.0,1
1.6823532808107768,8.64999999999986,447.0,1
1.6826062483484383,8.64999999999986,448.0,1
1.682856662362586,8.64999999999986,449.0,1
1.683104540849347,8.64999999999986,450.0,1
1.6833499016513531,8.64999999999986,451.0,1
1.6835927624759954,8.64999999999986,452.0,1
1.6838331408807736,8.64999999999986,453.0,1
1.6840710542829498,8.64999999999986,454.0,1
1.6843065199567027,8.64999999999986,455.0,1
1.6845395550407047,8.64999999999986,456.0,1
1.6847701765346437,8.63999999999986,457.0,1
1.6849984012960557,8.63999999999986,458.0,1
1.685224246055369,8.63999999999986,459.0,1
1.685447727402869,8.63999999999986,460.0,1
1.685668861799293,8.63999999999986,461.0,1
1.6858876655686066,8.63999999999986,462.0,1
1.6861041549096636,8.63999999999986,463.0,1
1.6863183458919613,8.63999999999986,464.0,1
1.6865302544507321,8.63999999999986,465.0,1
1.6867398964021971,8.63999999999986,466.0,1
1.6869472874343012,8.62999999999986,467.0,1
1.6871524431050855,8.62999999999986,468.0,1
1.6873553788592888,8.62999999999986,469.0,1
1.6875561100102452,8.62999999999986,470.0,1
1.6877546517556465,8.62999999999986,471.0,1
1.6879510191738858,8.62999999999986,472.0,1
1.6881452272169253,8.62999999999986,473.0,1
1.6883372907294847,8.62999999999986,474.0,1
1.688527224433442,8.62999999999986,475.0,1
1.688715042936277,8.61999999999986,476.0,1
1.688900760731628,8.61999999999986,477.0,1
1.689084392199297,8.61999999999986,478.0,1
1.689265951607875,8.61999999999986,479.0,1
1.6894454531089613,8.61999999999986,480.0,1
1.689622910755267,8.61999999999986,481.0,1
1.6897983384767075,8.61999999999986,482.0,1
1.689971750106335,8.61999999999986,483.0,1
1.690143159363659,8.61999999999986,484.0,1
1.6903125798629692,8.61999999999986,485.0,1
1.6904800251140413,8.60999999999986,486.0,1
1.690645508521807,8.60999999999986,487.0,1
1.6908090433876786,8.60999999999986,488.0,1
1.6909706429094924,8.60999999999986,489.0,1
1.6911303201858168,8.60999999999986,490.0,1
1.6912880882137498,8.60999999999986,491.0,1
1.6914439598876145,8.60999999999986,492.0,1
1.6915979480079564,8.60999999999986,493.0,1
1.6917500652738182,8.60999999999986,494.0,1
1.6919003242883088,8.599999999999861,495.0,1
1.6920487375585769,8.599999999999861,496.0,1
1.6921953174950892,8.599999999999861,497.0,1
1.6923400764150787,8.599999999999861,498.0,1
1.6924830265412902,8.599999999999861,499.0,1
1.6926241800049235,8.599999999999861,500.0,1
1.6927635488433659,8.599999999999861,501.0,1
1.6929011450042657,8.599999999999861,502.0,1
1.693036980344252,8.599999999999861,503.0,1
1.6931710666304403,8.589999999999861,504.0,1
1.6933034155410658,8.589999999999861,505.0,1
1.6934340386666775,8.589999999999861,506.0,1
1.6935629475102059,8.589999999999861,507.0,1
1.693690153488641,8.589999999999861,508.0,1
1.6938156679328369,8.589999999999861,509.0,1
1.6939395020881984,8.589999999999861,510.0,1
1.694061667118201,8.589999999999861,511.0,1
1.694182174098646,8.589999999999861,512.0,1
1.6943010340284077,8.579999999999862,513.0,1
1.6944182578177236,8.579999999999862,514.0,1
1.694533856301884,8.579999999999862,515.0,1
1.6946478402306706,8.579999999999862,516.0,1
1.6947602202771064,8.579999999999862,517.0,1
1.694871007033604,8.579999999999862,518.0,1
1.6949802110153578,8.579999999999862,519.0,1
1.6950878426563025,8.579999999999862,520.0,1
1.6951939123174238,8.579999999999862,521.0,1
1.6952984302824599,8.569999999999862,522.0,1
1.6954014067573024,8.569999999999862,523.0,1
1.695502851871123,8.569999999999862,524.0,1
1.6956027756863459,8.569999999999862,525.0,1
1.6957011881820176,8.569999999999862,526.0,1
1.6957980992710413,8.569999999999862,527.0,1
1.6958935187902442,8.569999999999862,528.0,1
1.6959874565040862,8.569999999999862,529.0,1
1.6960799221102085,8.569999999999862,530.0,1
1.696170925227483,8.569999999999862,531.0,1
1.696260475410174,8.559999999999862,532.0,1
1.6963485821440258,8.559999999999862,533.0,1
1.6964352548430484,8.559999999999862,534.0,1
1.696520502853603,8.559999999999862,535.0,1
1.6966043354552047,8.559999999999862,536.0,1
1.6966867618553403,8.559999999999862,537.0,1
1.6967677912019492,8.559999999999862,538.0,1
1.6968474325747869,8.559999999999862,539.0,1
1.6969256949825444,8.559999999999862,540.0,1
1.6970025873781005,8.549999999999862,541.0,1
1.6970781186392767,8.549999999999862,542.0,1
1.6971522975913302,8.549999999999862,543.0,1
1.6972251329877448,8.549999999999862,544.0,1
1.697296633522341,8.549999999999862,545.0,1
1.6973668078262871,8.549999999999862,546.0,1
1.6974356644691317,8.549999999999862,547.0,1
1.6975032119600029,8.549999999999862,548.0,1
1.697569458742893,8.549999999999862,549.0,1
1.6976344132088033,8.539999999999862,550.0,1
1.6976980836821958,8.539999999999862,551.0,1
1.697760478432609,8.539999999999862,552.0,1
1.69782160566958,8.539999999999862,553.0,1
1.6978814735431345,8.539999999999862,554.0,1
1.6979400901461423,8.539999999999862,555.0,1
1.6979974635152726,8.539999999999862,556.0,1
1.6980536016292904,8.539999999999862,557.0,1
1.6981085124122681,8.539999999999862,558.0,1
1.6981622037277102,8.529999999999863,559.0,1
1.698214683389173,8.529999999999863,560.0,1
1.6982659591536116,8.529999999999863,561.0,1
1.6983160387198326,8.529999999999863,562.0,1
1.6983649297379986,8.529999999999863,563.0,1
1.6984126398016948,8.529999999999863,564.0,1
1.6984591764503494,8.529999999999863,565.0,1
1.6985045471730165,8.529999999999863,566.0,1
1.6985487594049455,8.529999999999863,567.0,1
1.6985918205297348,8.519999999999863,568.0,1
1.6986337378791128,8.519999999999863,569.0,1
1.6986745187350387,8.519999999999863,570.0,1
1.6987141703269064,8.519999999999863,571.0,1
1.6987526998358071,8.519999999999863,572.0,1
1.698790114389831,8.519999999999863,573.0,1
1.6988264210714235,8.519999999999863,574.0,1
1.698861626911988,8.519999999999863,575.0,1
1.6988957388946997,8.519999999999863,576.0,1
1.6989287639537196,8.509999999999863,577.0,1
1.6989607089767889,8.509999999999863,578.0,1
1.6989915808023939,8.509999999999863,579.0,1
1.6990213862212094,8.509999999999863,580.0,1
1.6990501319808644,8.509999999999863,581.0,1
1.699077824780028,8.509999999999863,582.0,1
1.6991044712715864,8.509999999999863,583.0,1
1.6991300780643914,8.509999999999863,584.0,1
1.6991546517157328,8.509999999999863,585.0,1
1.6991781987477974,8.499999999999863,586.0,1
1.6992007256327841,8.499999999999863,587.0,1
1.6992222387953326,8.499999999999863,588.0,1
1.6992427446237834,8.499999999999863,589.0,1
1.6992622494579017,8.499999999999863,590.0,1
1.6992807595961943,8.499999999999863,591.0,1
1.6992982812932949,8.499999999999863,592.0,1
1.6993148207597997,8.499999999999863,593.0,1
1.6993303841694682,8.499999999999863,594.0,1
1.6993449776489558,8.499999999999863,595.0,1
1.6993586072861075,8.489999999999863,596.0,1
1.699371279127375,8.489999999999863,597.0,1
1.6993829991769254,8.489999999999863,598.0,1
1.6993937733971818,8.489999999999863,599.0,1
1.6994036077166976,8.489999999999863,600.0,1
1.699412508019067,8.489999999999863,601.0,1
1.6994204801458324,8.489999999999863,602.0,1
1.6994275299067345,8.489999999999863,603.0,1
1.6994336630657987,8.489999999999863,604.0,1
1.699438885351618,8.479999999999864,605.0,1
1.6994432024544037,8.479999999999864,606.0,1
1.6994466200254628,8.479999999999864,607.0,1
1.6994491436784875,8.479999999999864,608.0,1
1.6994507789882933,8.479999999999864,609.0,1
1.6994515314963576,8.479999999999864,610.0,1
1.6994514067043138,8.479999999999864,611.0,1
1.6994504100755565,8.479999999999864,612.0,1
1.6994485470403138,8.479999999999864,613.0,1
1.699445822993419,8.469999999999864,614.0,1
1.699442243290481,8.469999999999864,615.0,1
1.6994378132551409,8.469999999999864,616.0,1
1.6994325381713706,8.469999999999864,617.0,1
1.6994264232903045,8.469999999999864,618.0,1
1.6994194738334736,8.469999999999864,619.0,1
1.699411694979122,8.469999999999864,620.0,1
1.6994030918758511,8.469999999999864,621.0,1
1.699393669639458,8.469999999999864,622.0,1
1.699383433350571,8.459999999999864,623.0,1
1.6993723880560943,8.459999999999864,624.0,1
1.6993605387714203,8.459999999999864,625.0,1
1.6993478904752621,8.459999999999864,626.0,1
1.6993344481169896,8.459999999999864,627.0,1
1.6993202166145314,8.459999999999864,628.0,1
1.6993052008492768,8.459999999999864,629.0,1
1.6992894056761627,8.459999999999864,630.0,1
1.6992728359141767,8.459999999999864,631.0,1
1.6992554963511286,8.449999999999864,632.0,1
1.699237391746827,8.449999999999864,633.0,1
1.6992185268276283,8.449999999999864,634.0,1
1.6991989062901824,8.449999999999864,635.0,1
1.6991785347972905,8.449999999999864,636.0,1
1.6991574169880554,8.449999999999864,637.0,1
1.6991355574661509,8.449999999999864,638.0,1
1.6991129608049684,8.449999999999864,639.0,1
1.699089631552667,8.449999999999864,640.0,1
1.699065574225707,8.449999999999864,641.0,1
1.6990407933112814,8.439999999999864,642.0,1
1.6990152932670513,8.439999999999864,643.0,1
1.698989078522658,8.439999999999864,644.0,1
1.698962153479455,8.439999999999864,645.0,1
1.6989345225106463,8.439999999999864,646.0,1
1.6989061899602125,8.439999999999864,647.0,1
1.6988771601449881,8.439999999999864,648.0,1
1.6988474373544866,8.439999999999864,649.0,1
1.6988170258506754,8.439999999999864,650.0,1
1.6987859298660173,8.429999999999865,651.0,1
1.6987541536111754,8.429999999999865,652.0,1
1.6987217012630336,8.429999999999865,653.0,1
1.6986885769750038,8.429999999999865,654.0,1
1.6986547848777351,8.429999999999865,655.0,1
1.6986203290694997,8.429999999999865,656.0,1
1.6985852136258797,8.429999999999865,657.0,1
1.6985494425974876,8.429999999999865,658.0,1
1.6985130200030016,8.429999999999865,659.0,1
1.6984759498441477,8.419999999999865,660.0,1
1.6984382360929233,8.419999999999865,661.0,1
1.6983998826929012,8.419999999999865,662.0,1
1.6983608935705445,8.419999999999865,663.0,1
1.6983212726201653,8.419999999999865,664.0,1
1.6982810237171992,8.419999999999865,665.0,1
1.6982401507064202,8.419999999999865,666.0,1
1.6981986574146946,8.419999999999865,667.0,1
1.6981565476403633,8.419999999999865,668.0,1
1.6981138251617918,8.419999999999865,669.0,1
1.698070493726933,8.409999999999865,670.0,1
1.6980265570682282,8.409999999999865,671.0,1
1.6979820188895833,8.409999999999865,672.0,1
1.6979368828737003,8.409999999999865,673.0,1
1.6978911526772924,8.409999999999865,674.0,1
1.6978448319390929,8.409999999999865,675.0,1
1.6977979242709662,8.409999999999865,676.0,1
1.6977504332645101,8.409999999999865,677.0,1
1.6977023624875154,8.409999999999865,678.0,1
1.697653715486309,8.399999999999865,679.0,1
1.6976044957845682,8.399999999999865,680.0,1
1.6975547068846673,8.399999999999865,681.0,1
1.697504352266273,8.399999999999865,682.0,1
1.6974534353886508,8.399999999999865,683.0,1
1.6974019596899856,8.399999999999865,684.0,1
1.6973499285820097,8.399999999999865,685.0,1
1.6972973454637517,8.399999999999865,686.0,1
1.6972442137071633,8.399999999999865,687.0,1
1.697190536664697,8.399999999999865,688.0,1
1.6971363176689216,8.389999999999866,689.0,1
1.6970815600315676,8.389999999999866,690.0,1
1.6970262670439014,8.389999999999866,691.0,1
1.696970441974924,8.389999999999866,692.0,1
1.696914088075572,8.389999999999866,693.0,1
1.6968572085773173,8.389999999999866,694.0,1
1.696799806691129,8.389999999999866,695.0,1
1.696741885607812,8.389999999999866,696.0,1
1.6966834484981017,8.389999999999866,697.0,1
1.6966244985139074,8.379999999999866,698.0,1
1.6965650387888591,8.379999999999866,699.0,1
1.6965050724352797,8.379999999999866,700.0,1
1.6964446025483808,8.379999999999866,701.0,1
1.6963836322031702,8.379999999999866,702.0,1
1.6963221644567934,8.379999999999866,703.0,1
1.6962602023463402,8.379999999999866,704.0,1
1.696197748892113,8.379999999999866,705.0,1
1.6961348070955022,8.379999999999866,706.0,1
1.6960713799385252,8.379999999999866,707.0,1
1.6960074703876444,8.369999999999866,708.0,1
1.6959430813871725,8.369999999999866,709.0,1
1.6958782158660533,8.369999999999866,710.0,1
1.6958128767375984,8.369999999999866,711.0,1
1.695747066894657,8.369999999999866,712.0,1
1.695680789211347,8.369999999999866,713.0,1
1.695614046546848,8.369999999999866,714.0,1
1.6955468417425827,8.369999999999866,715.0,1
1.6954791776242706,8.369999999999866,716.0,1
1.6954110569958456,8.369999999999866,717.0,1
1.6953424826489343,8.359999999999866,718.0,1
1.69527345735874,8.359999999999866,719.0,1
1.6952039838774957,8.359999999999866,720.0,1
1.6951340649478732,8.359999999999866,721.0,1
1.6950637032934244,8.359999999999866,722.0,1
1.6949929016213958,8.359999999999866,723.0,1
1.6949216626220156,8.359999999999866,724.0,1
1.694849988969222,8.359999999999866,725.0,1
1.6947778833238258,8.359999999999866,726.0,1
1.6947053483268015,8.349999999999866,727.0,1
1.6946323866063258,8.349999999999866,728.0,1
1.6945590007728493,8.349999999999866,729.0,1
1.694485193422894,8.349999999999866,730.0,1
1.6944109671368788,8.349999999999866,731.0,1
1.6943363244779615,8.349999999999866,732.0,1
1.6942612679971003,8.349999999999866,733.0,1
1.6941858002281427,8.349999999999866,734.0,1
1.694109923690777,8.349999999999866,735.0,1
1.6940336408892307,8.349999999999866,736.0,1
1.6939569543126174,8.339999999999867,737.0,1
1.6938798664359416,8.339999999999867,738.0,1
1.6938023797204833,8.339999999999867,739.0,1
1.6937244966085445,8.339999999999867,740.0,1
1.693646219532364,8.339999999999867,741.0,1
1.6935675509102217,8.339999999999867,742.0,1
1.6934884931418446,8.339999999999867,743.0,1
1.6934090486174673,8.339999999999867,744.0,1
1.6933292197097651,8.339999999999867,745.0,1
1.693249008779147,8.339999999999867,746.0,1
1.693168418171841,8.329999999999867,747.0,1
1.6930874502198192,8.329999999999867,748.0,1
1.693006107242542,8.329999999999867,749.0,1
1.6929243915439884,8.329999999999867,750.0,1
1.69284230541366,8.329999999999867,751.0,1
1.692759851132593,8.329999999999867,752.0,1
1.6926770309654735,8.329999999999867,753.0,1
1.69259384715985,8.329999999999867,754.0,1
1.6925103019576484,8.329999999999867,755.0,1
1.6924263975817209,8.329999999999867,756.0,1
1.6923421362453814,8.319999999999867,757.0,1
1.6922575201464596,8.319999999999867,758.0,1
1.6921725514720698,8.319999999999867,759.0,1
1.6920872323949403,8.319999999999867,760.0,1
1.6920015650762346,8.319999999999867,761.0,1
1.6919155516651794,8.319999999999867,762.0,1
1.6918291942939938,8.319999999999867,763.0,1
1.6917424950905262,8.319999999999867,764.0,1
1.691655456160936,8.319999999999867,765.0,1
1.6915680796084462,8.319999999999867,766.0,1
1.69148036751517,8.309999999999867,767.0,1
1.6913923219587514,8.309999999999867,768.0,1
1.69130394500142,8.309999999999867,769.0,1
1.6912152386896506,8.309999999999867,770.0,1
1.6911262050662232,8.309999999999867,771.0,1
1.6910368461559981,8.309999999999867,772.0,1
1.6909471639746625,8.309999999999867,773.0,1
1.6908571605249418,8.309999999999867,774.0,1
1.6907668377982055,8.309999999999867,775.0,1
1.6906761977756397,8.309999999999867,776.0,1
1.6905852424259762,8.299999999999867,777.0,1
1.6904939737065852,8.299999999999867,778.0,1
1.690402393563248,8.299999999999867,779.0,1
1.6903105039317625,8.299999999999867,780.0,1
1.690218306736639,8.299999999999867,781.0,1
1.690125803888,8.299999999999867,782.0,1
1.6900329972909616,8.299999999999867,783.0,1
1.6899398888352393,8.299999999999867,784.0,1
1.6898464804007616,8.299999999999867,785.0,1
1.6897527738555829,8.299999999999867,786.0,1
1.6896587710609976,8.289999999999868,787.0,1
1.689564473864059,8.289999999999868,788.0,1
1.6894698841016131,8.289999999999868,789.0,1
1.6893750036016901,8.289999999999868,790.0,1
1.6892798341811948,8.289999999999868,791.0,1
1.6891843776435125,8.289999999999868,792.0,1
1.6890886357875912,8.289999999999868,793.0,1
1.688992610397533,8.289999999999868,794.0,1
1.6888963032493793,8.289999999999868,795.0,1
1.6887997161087767,8.289999999999868,796.0,1
1.6887028507316375,8.289999999999868,797.0,1
1.6886057088612454,8.279999999999868,798.0,1
1.688508292233602,8.279999999999868,799.0,1
1.6884106025772714,8.279999999999868,800.0,1
1.6883126416030176,8.279999999999868,801.0,1
1.6882144110215942,8.279999999999868,802.0,1
1.6881159125278,8.279999999999868,803.0,1
1.6880171478073125,8.279999999999868,804.0,1
1.6879181185390848,8.279999999999868,805.0,1
1.687818826390546,8.279999999999868,806.0,1
1.6877192730197912,8.279999999999868,807.0,1
1.6876194600767287,8.269999999999868,808.0,1
1.6875193891999603,8.269999999999868,809.0,1
1.6874190620201988,8.269999999999868,810.0,1
1.68731848015914,8.269999999999868,811.0,1
1.6872176452299306,8.269999999999868,812.0,1
1.6871165588340662,8.269999999999868,813.0,1
1.6870152225647623,8.269999999999868,814.0,1
1.6869136380096312,8.269999999999868,815.0,1
1.686811806745059,8.269999999999868,816.0,1
1.686709730336512,8.269999999999868,817.0,1
1.686607410343762,8.259999999999868,818.0,1
1.6865048483157936,8.259999999999868,819.0,1
1.6864020457948707,8.259999999999868,820.0,1
1.6862990043132733,8.259999999999868,821.0,1
1.6861957253948876,8.259999999999868,822.0,1
1.6860922105552825,8.259999999999868,823.0,1
1.6859884613019438,8.259999999999868,824.0,1
1.685884479132991,8.259999999999868,825.0,1
1.6857802655377323,8.259999999999868,826.0,1
1.6856758219982115,8.259999999999868,827.0,1
1.685571149989858,8.259999999999868,828.0,1
1.6854662509771818,8.249999999999869,829.0,1
1.685361126418268,8.249999999999869,830.0,1
1.6852557777596537,8.249999999999869,831.0,1
1.6851502064452664,8.249999999999869,832.0,1
1.6850444139074066,8.249999999999869,833.0,1
1.684938401571103,8.249999999999869,834.0,1
1.6848321708532572,8.249999999999869,835.0,1
1.6847257231641934,8.249999999999869,836.0,1
1.68461905990468,8.249999999999869,837.0,1
1.6845121824687357,8.249999999999869,838.0,1
1.6844050922429554,8.239999999999869,839.0,1
1.684297790606287,8.239999999999869,840.0,1
1.6841902789264014,8.239999999999869,841.0,1
1.6840825585698802,8.239999999999869,842.0,1
1.6839746308913306,8.239999999999869,843.0,1
1.6838664972392325,8.239999999999869,844.0,1
1.6837581589538122,8.239999999999869,845.0,1
1.6836496173686253,8.239999999999869,846.0,1
1.6835408738112783,8.239999999999869,847.0,1
1.683431929598219,8.239999999999869,848.0,1
1.683322786040189,8.239999999999869,849.0,1
1.6832134444455435,8.229999999999869,850.0,1
1.6831039061081952,8.229999999999869,851.0,1
1.6829941723185942,8.229999999999869,852.0,1
1.6828842443583256,8.229999999999869,853.0,1
1.6827741235064835,8.229999999999869,854.0,1
1.6826638110299215,8.229999999999869,855.0,1
1.682553308190858,8.229999999999869,856.0,1
1.6824426162445276,8.229999999999869,857.0,1
1.68233173643878,8.229999999999869,858.0,1
1.6822206700140265,8.229999999999869,859.0,1
1.6821094182064062,8.229999999999869,860.0,1
1.6819979822423767,8.21999999999987,861.0,1
1.681886363343537,8.21999999999987,862.0,1
1.6817745627254115,8.21999999999987,863.0,1
1.6816625815928319,8.21999999999987,864.0,1
1.6815504211479713,8.21999999999987,865.0,1
1.6814380825868913,8.21999999999987,866.0,1
1.68132556709666,8.21999999999987,867.0,1
1.6812128758601717,8.21999999999987,868.0,1
1.6811000100492661,8.21999999999987,869.0,1
1.6809869708358707,8.21999999999987,870.0,1
1.6808737593822523,8.20999999999987,871.0,1
1.6807603768419455,8.20999999999987,872.0,1
1.6806468243672787,8.20999999999987,873.0,1
1.6805331031012931,8.20999999999987,874.0,1
1.680419214181293,8.20999999999987,875.0,1
1.6803051587375868,8.20999999999987,876.0,1
1.6801909378969249,8.20999999999987,877.0,1
1.680076552777615,8.20999999999987,878.0,1
1.679962004490783,8.20999999999987,879.0,1
1.6798472941454552,8.20999999999987,880.0,1
1.6797324228425994,8.20999999999987,881.0,1
1.6796173916761956,8.19999999999987,882.0,1
1.6795022017361319,8.19999999999987,883.0,1
1.6793868541048607,8.19999999999987,884.0,1
1.6792713498586729,8.19999999999987,885.0,1
1.6791556900711904,8.19999999999987,886.0,1
1.6790398758088658,8.19999999999987,887.0,1
1.678923908128345,8.19999999999987,888.0,1
1.678807788084625,8.19999999999987,889.0,1
1.6786915167285839,8.19999999999987,890.0,1
1.678575095101666,8.19999999999987,891.0,1
1.6784585242428534,8.19999999999987,892.0,1
1.6783418051806822,8.18999999999987,893.0,1
1.6782249389431463,8.18999999999987,894.0,1
1.6781079265514514,8.18999999999987,895.0,1
1.6779907690203715,8.18999999999987,896.0,1
1.6778734673595543,8.18999999999987,897.0,1
1.6777560225737222,8.18999999999987,898.0,1
1.6776384356621021,8.18999999999987,899.0,1
1.6775207076160363,8.18999999999987,900.0,1
1.6774028394265506,8.18999999999987,901.0,1
1.677284832076685,8.18999999999987,902.0,1
1.6771666865426131,8.18999999999987,903.0,1
1.6770484037956865,8.18999999999987,904.0,1
1.6769299848072257,8.17999999999987,905.0,1
1.676811430535427,8.17999999999987,906.0,1
1.6766927419391584,8.17999999999987,907.0,1
1.6765739199715572,8.17999999999987,908.0,1
1.6764549655768897,8.17999999999987,909.0,1
1.6763358796976833,8.17999999999987,910.0,1
1.6762166632718214,8.17999999999987,911.0,1
1.6760973172297466,8.17999999999987,912.0,1
1.6759778424994936,8.17999999999987,913.0,1
1.6758582400019513,8.17999999999987,914.0,1
1.6757385106550615,8.17999999999987,915.0,1
1.6756186553687846,8.16999999999987,916.0,1
1.6754986750527634,8.16999999999987,917.0,1
1.6753785706079636,8.16999999999987,918.0,1
1.675258342932411,8.16999999999987,919.0,1
1.6751379929194876,8.16999999999987,920.0,1
1.675017521456762,8.16999999999987,921.0,1
1.6748969294269807,8.16999999999987,922.0,1
1.6747762177108185,8.16999999999987,923.0,1
1.674655387179916,8.16999999999987,924.0,1
1.674534438704996,8.16999999999987,925.0,1
1.6744133731520483,8.16999999999987,926.0,1
1.6742921913779816,8.15999999999987,927.0,1
1.6741708942414966,8.15999999999987,928.0,1
1.674049482593995,8.15999999999987,929.0,1
1.6739279572787897,8.15999999999987,930.0,1
1.6738063191409602,8.15999999999987,931.0,1
1.6736845690179087,8.15999999999987,932.0,1
1.673562707742029,8.15999999999987,933.0,1
1.6734407361437584,8.15999999999987,934.0,1
1.6733186550461288,8.15999999999987,935.0,1
1.6731964652684965,8.15999999999987,936.0,1
1.6730741676295495,8.15999999999987,937.0,1
1.6729517629389894,8.14999999999987,938.0,1
1.6728292520050672,8.14999999999987,939.0,1
1.6727066356290279,8.14999999999987,940.0,1
1.6725839146116661,8.14999999999987,941.0,1
1.6724610897469692,8.14999999999987,942.0,1
1.672338161825388,8.14999999999987,943.0,1
1.6722151316325924,8.14999999999987,944.0,1
1.672091999951688,8.14999999999987,945.0,1
1.6719687675610524,8.14999999999987,946.0,1
1.671845435232167,8.14999999999987,947.0,1
1.6717220037385687,8.14999999999987,948.0,1
1.6715984738423781,8.14999999999987,949.0,1
1.6714748463078273,8.139999999999871,950.0,1
1.6713511218924657,8.139999999999871,951.0,1
1.6712273013502141,8.139999999999871,952.0,1
1.6711033854307893,8.139999999999871,953.0,1
1.6709793748786665,8.139999999999871,954.0,1
1.6708552704382256,8.139999999999871,955.0,1
1.6707310728471467,8.139999999999871,956.0,1
1.6706067828389297,8.139999999999871,957.0,1
1.6704824011446369,8.139999999999871,958.0,1
1.6703579284911916,8.139999999999871,959.0,1
1.6702333656020034,8.139999999999871,960.0,1
1.6701087131942929,8.139999999999871,961.0,1
1.6699839719840222,8.129999999999871,962.0,1
1.6698591426840204,8.129999999999871,963.0,1
1.6697342260013357,8.129999999999871,964.0,1
1.6696092226405848,8.129999999999871,965.0,1
1.6694841333017347,8.129999999999871,966.0,1
1.6693589586822384,8.129999999999871,967.0,1
1.6692336994752783,8.129999999999871,968.0,1
1.669108356370383,8.129999999999871,969.0,1
1.6689829300545582,8.129999999999871,970.0,1
1.668857421207876,8.129999999999871,971.0,1
1.6687318305112495,8.129999999999871,972.0,1
1.6686061586394103,8.119999999999871,973.0,1
1.6684804062646035,8.119999999999871,974.0,1
1.6683545740558197,8.119999999999871,975.0,1
1.6682286626763192,8.119999999999871,976.0,1
1.6681026727885027,8.119999999999871,977.0,1
1.667976605050952,8.119999999999871,978.0,1
1.6678504601181952,8.119999999999871,979.0,1
1.6677242386398463,8.119999999999871,980.0,1
1.6675979412659898,8.119999999999871,981.0,1
1.6674715686407073,8.119999999999871,982.0,1
1.6673451214025783,8.119999999999871,983.0,1
1.6672186001921752,8.119999999999871,984.0,1
1.6670920056443717,8.109999999999872,985.0,1
1.6669653383885081,8.109999999999872,986.0,1
1.666838599052736,8.109999999999872,987.0,1
1.666711788262466,8.109999999999872,988.0,1
1.6665849066393967,8.109999999999872,989.0,1
1.6664579548021499,8.109999999999872,990.0,1
1.666330933363563,8.109999999999872,991.0,1
1.6662038429378994,8.109999999999872,992.0,1
1.6660766841328685,8.109999999999872,993.0,1
1.6659494575546148,8.109999999999872,994.0,1
1.6658221638051955,8.109999999999872,995.0,1
1.6656948034837031,8.109999999999872,996.0,1
1.6655673771876427,8.099999999999872,997.0,1
1.6654398855078096,8.099999999999872,998.0,1
1.6653123290357645,8.099999999999872,999.0,1
1.6651847083587217,8.099999999999872,1000.0,1
1.6650570240608191,8.099999999999872,1001.0,1
1.6649292767225694,8.099999999999872,1002.0,1
1.6648014669233577,8.099999999999872,1003.0,1
1.6646735952352052,8.099999999999872,1004.0,1
1.6645456622327357,8.099999999999872,1005.0,1
1.6644176684848695,8.099999999999872,1006.0,1
1.6642896145568578,8.099999999999872,1007.0,1
1.6641615010135218,8.099999999999872,1008.0,1
1.6640333284130016,8.089999999999872,1009.0,1
1.6639050973146756,8.089999999999872,1010.0,1
1.6637768082720499,8.089999999999872,1011.0,1
1.663648461837878,8.089999999999872,1012.0,1
1.663520058560781,8.089999999999872,1013.0,1
1.663391598987041,8.089999999999872,1014.0,1
1.6632630836602869,8.089999999999872,1015.0,1
1.6631345131190098,8.089999999999872,1016.0,1
1.6630058879039444,8.089999999999872,1017.0,1
1.6628772085470314,8.089999999999872,1018.0,1
1.6627484755837059,8.089999999999872,1019.0,1
1.662619689540886,8.089999999999872,1020.0,1
1.6624908509477698,8.079999999999872,1021.0,1
1.6623619603255653,8.079999999999872,1022.0,1
1.6622330181979832,8.079999999999872,1023.0,1
1.6621040250833146,8.079999999999872,1024.0,1
1.6619749814971025,8.079999999999872,1025.0,1
1.6618458879535976,8.079999999999872,1026.0,1
1.6617167449626382,8.079999999999872,1027.0,1
1.6615875530328146,8.079999999999872,1028.0,1
1.6614583126687439,8.079999999999872,1029.0,1
1.6613290243765837,8.079999999999872,1030.0,1
1.661199688652502,8.079999999999872,1031.0,1
1.6610703059974712,8.079999999999872,1032.0,1
1.6609408769056744,8.079999999999872,1033.0,1
1.660811401870269,8.069999999999872,1034.0,1
1.6606818813813464,8.069999999999872,1035.0,1
1.6605523159268563,8.069999999999872,1036.0,1
1.660422705991238,8.069999999999872,1037.0,1
1.6602930520590244,8.069999999999872,1038.0,1
1.6601633546086092,8.069999999999872,1039.0,1
1.6600336141173413,8.069999999999872,1040.0,1
1.6599038310628733,8.069999999999872,1041.0,1
1.6597740059174928,8.069999999999872,1042.0,1
1.659644139151173,8.069999999999872,1043.0,1
1.6595142312327886,8.069999999999872,1044.0,1
1.6593842826284333,8.069999999999872,1045.0,1
1.6592542937993986,8.059999999999873,1046.0,1
1.6591242652095384,8.059999999999873,1047.0,1
1.6589941973144346,8.059999999999873,1048.0,1
1.6588640905731185,8.059999999999873,1049.0,1
1.6587339454387793,8.059999999999873,1050.0,1
1.6586037623634535,8.059999999999873,1051.0,1
1.658473541795117,8.059999999999873,1052.0,1
1.6583432841823484,8.059999999999873,1053.0,1
1.65821298996929,8.059999999999873,1054.0,1
1.6580826595999176,8.059999999999873,1055.0,1
1.6579522935120115,8.059999999999873,1056.0,1
1.6578218921449832,8.059999999999873,1057.0,1
1.65769145593519,8.059999999999873,1058.0,1
1.6575609853142617,8.049999999999873,1059.0,1
1.6574304807159261,8.049999999999873,1060.0,1
1.6572999425688304,8.049999999999873,1061.0,1
1.6571693712997024,8.049999999999873,1062.0,1
1.657038767332731,8.049999999999873,1063.0,1
1.6569081310918994,8.049999999999873,1064.0,1
1.6567774629962442,8.049999999999873,1065.0,1
1.6566467634653987,8.049999999999873,1066.0,1
1.6565160329152917,8.049999999999873,1067.0,1
1.6563852717601284,8.049999999999873,1068.0,1
1.656254480411617,8.049999999999873,1069.0,1
1.6561236592800335,8.049999999999873,1070.0,1
1.655992808773341,8.049999999999873,1071.0,1
1.6558619292967682,8.039999999999873,1072.0,1
1.6557310212541785,8.039999999999873,1073.0,1
1.6556000850489607,8.039999999999873,1074.0,1
1.6554691210770924,8.039999999999873,1075.0,1
1.6553381297391634,8.039999999999873,1076.0,1
1.6552071114301323,8.039999999999873,1077.0,1
1.6550760665433966,8.039999999999873,1078.0,1
1.6549449954708684,8.039999999999873,1079.0,1
1.6548138986015632,8.039999999999873,1080.0,1
1.654682776323044,8.039999999999873,1081.0,1
1.6545516290202718,8.039999999999873,1082.0,1
1.65442045707847,8.039999999999873,1083.0,1
1.6542892608788533,8.029999999999873,1084.0,1
1.6541580408010645,8.029999999999873,1085.0,1
1.6540267972231446,8.029999999999873,1086.0,1
1.653895530520934,8.029999999999873,1087.0,1
1.6537642410689948,8.029999999999873,1088.0,1
1.6536329292373324,8.029999999999873,1089.0,1
1.6535015953992473,8.029999999999873,1090.0,1
1.6533702399204318,8.029999999999873,1091.0,1
1.6532388631694606,8.029999999999873,1092.0,1
1.6531074655095372,8.029999999999873,1093.0,1
1.6529760473054085,8.029999999999873,1094.0,1
1.6528446089153062,8.029999999999873,1095.0,1
1.652713150699106,8.029999999999873,1096.0,1
1.6525816730152822,8.019999999999873,1097.0,1
1.6524501762187547,8.019999999999873,1098.0,1
1.6523186606633675,8.019999999999873,1099.0,1
1.652187126700856,8.019999999999873,1100.0,1
1.652055574681021,8.019999999999873,1101.0,1
1.6519240049537083,8.019999999999873,1102.0,1
1.6517924178615886,8.019999999999873,1103.0,1
1.6516608137545992,8.019999999999873,1104.0,1
1.6515291929714362,8.019999999999873,1105.0,1
1.6513975558557783,8.019999999999873,1106.0,1
1.6512659027468977,8.019999999999873,1107.0,1
1.6511342339832744,8.019999999999873,1108.0,1
1.6510025498983374,8.019999999999873,1109.0,1
1.650870850829646,8.009999999999874,1110.0,1
1.6507391371085087,8.009999999999874,1111.0,1
1.6506074090661758,8.009999999999874,1112.0,1
1.650475667032389,8.009999999999874,1113.0,1
1.6503439113345224,8.009999999999874,1114.0,1
1.6502121422988738,8.009999999999874,1115.0,1
1.6500803602486491,8.009999999999874,1116.0,1
1.649948565507936,8.009999999999874,1117.0,1
1.6498167583975796,8.009999999999874,1118.0,1
1.6496849392370163,8.009999999999874,1119.0,1
1.6495531083442627,8.009999999999874,1120.0,1
1.6494212660351164,8.009999999999874,1121.0,1
1.6492894126247462,8.009999999999874,1122.0,1
1.6491575484258532,8.009999999999874,1123.0,1
1.6490256737505287,7.999999999999874,1124.0,1
1.648893788907138,7.999999999999874,1125.0,1
1.648761894206159,7.999999999999874,1126.0,1
1.6486299899525934,7.999999999999874,1127.0,1
1.6484980764520873,7.999999999999874,1128.0,1
1.6483661540089352,7.999999999999874,1129.0,1
1.6482342229250473,7.999999999999874,1130.0,1
1.648102283499973,7.999999999999874,1131.0,1
1.647970336034086,7.999999999999874,1132.0,1
1.6478383808247252,7.999999999999874,1133.0,1
1.6477064181673549,7.999999999999874,1134.0,1
1.6475744483574721,7.999999999999874,1135.0,1
1.6474424716860436,7.999999999999874,1136.0,1
1.647310488446545,7.989999999999874,1137.0,1
1.6471784989291347,7.989999999999874,1138.0,1
1.6470465034215271,7.989999999999874,1139.0,1
1.6469145022108758,7.989999999999874,1140.0,1
1.646782495583253,7.989999999999874,1141.0,1
1.6466504838229474,7.989999999999874,1142.0,1
1.6465184672123796,7.989999999999874,1143.0,1
1.6463864460343187,7.989999999999874,1144.0,1
1.646254420565446,7.989999999999874,1145.0,1
1.6461223910873772,7.989999999999874,1146.0,1
1.6459903578767683,7.989999999999874,1147.0,1
1.6458583212085078,7.989999999999874,1148.0,1
1.6457262813565219,7.989999999999874,1149.0,1
1.6455942385941313,7.989999999999874,1150.0,1
1.6454621931927735,7.979999999999874,1151.0,1
1.6453301454232847,7.979999999999874,1152.0,1
1.6451980955541265,7.979999999999874,1153.0,1
1.6450660438523823,7.979999999999874,1154.0,1
1.6449339905843323,7.979999999999874,1155.0,1
1.6448019360145387,7.979999999999874,1156.0,1
1.6446698804063666,7.979999999999874,1157.0,1
1.644537824022044,7.979999999999874,1158.0,1
1.6444057671222236,7.979999999999874,1159.0,1
1.6442737099663653,7.979999999999874,1160.0,1
1.6441416528104824,7.979999999999874,1161.0,1
1.6440095959142267,7.979999999999874,1162.0,1
1.643877539531613,7.979999999999874,1163.0,1
1.6437454839171264,7.9699999999998745,1164.0,1
1.6436134293236122,7.9699999999998745,1165.0,1
1.6434813760031068,7.9699999999998745,1166.0,1
1.6433493242036241,7.9699999999998745,1167.0,1
1.64321727417723,7.9699999999998745,1168.0,1
1.6430852261687465,7.9699999999998745,1169.0,1
1.6429531804272048,7.9699999999998745,1170.0,1
1.6428211371963564,7.9699999999998745,1171.0,1
1.642689096720202,7.9699999999998745,1172.0,1
1.6425570592423366,7.9699999999998745,1173.0,1
1.6424250250035002,7.9699999999998745,1174.0,1
1.6422929942435782,7.9699999999998745,1175.0,1
1.6421609672022066,7.9699999999998745,1176.0,1
1.642028944117335,7.9699999999998745,1177.0,1
1.6418969252253883,7.959999999999875,1178.0,1
1.641764910762171,7.959999999999875,1179.0,1
1.6416329009613944,7.959999999999875,1180.0,1
1.641500896055018,7.959999999999875,1181.0,1
1.641368896276986,7.959999999999875,1182.0,1
1.64123690185651,7.959999999999875,1183.0,1
1.6411049130237239,7.959999999999875,1184.0,1
1.6409729300067692,7.959999999999875,1185.0,1
1.6408409530327073,7.959999999999875,1186.0,1
1.6407089823276653,7.959999999999875,1187.0,1
1.640577018114667,7.959999999999875,1188.0,1
1.6404450606201402,7.959999999999875,1189.0,1
1.6403131100649582,7.959999999999875,1190.0,1
1.6401811666716672,7.959999999999875,1191.0,1
1.6400492306593895,7.949999999999875,1192.0,1
1.6399173022477909,7.949999999999875,1193.0,1
1.6397853816546533,7.949999999999875,1194.0,1
1.6396534690974034,7.949999999999875,1195.0,1
1.63952156479104,7.949999999999875,1196.0,1
1.6393896689508884,7.949999999999875,1197.0,1
1.6392577817904097,7.949999999999875,1198.0,1
1.6391259035215355,7.949999999999875,1199.0,1
1.6389940343569915,7.949999999999875,1200.0,1
1.6388621745061447,7.949999999999875,1201.0,1
1.6387303241773972,7.949999999999875,1202.0,1
1.638598483580204,7.949999999999875,1203.0,1
1.6384666529222012,7.949999999999875,1204.0,1
1.6383348324068856,7.949999999999875,1205.0,1
1.638203022242076,7.939999999999875,1206.0,1
1.6380712226305427,7.939999999999875,1207.0,1
1.6379394337753936,7.939999999999875,1208.0,1
1.6378076558779566,7.939999999999875,1209.0,1
1.637675889139665,7.939999999999875,1210.0,1
1.6375441337602674,7.939999999999875,1211.0,1
1.6374123899379525,7.939999999999875,1212.0,1
1.6372806578711288,7.939999999999875,1213.0,1
1.6371489377563608,7.939999999999875,1214.0,1
1.6370172297893757,7.939999999999875,1215.0,1
1.636885534165025,7.939999999999875,1216.0,1
1.6367538510765123,7.939999999999875,1217.0,1
1.636622180715909,7.939999999999875,1218.0,1
1.6364905232763147,7.939999999999875,1219.0,1
1.636358878948465,7.939999999999875,1220.0,1
1.6362272479215814,7.929999999999875,1221.0,1
1.6360956303844887,7.929999999999875,1222.0,1
1.6359640265259294,7.929999999999875,1223.0,1
1.63583243653009,7.929999999999875,1224.0,1
1.635700860586775,7.929999999999875,1225.0,1
1.6355692988770376,7.929999999999875,1226.0,1
1.6354377515868292,7.929999999999875,1227.0,1
1.6353062188990042,7.929999999999875,1228.0,1
1.6351747009965336,7.929999999999875,1229.0,1
1.6350431980585776,7.929999999999875,1230.0,1
1.6349117102668511,7.929999999999875,1231.0,1
1.6347802377988723,7.929999999999875,1232.0,1
1.6346487808353811,7.929999999999875,1233.0,1
1.6345173395524628,7.929999999999875,1234.0,1
1.6343859141269512,7.919999999999876,1235.0,1
1.6342545047341264,7.919999999999876,1236.0,1
1.6341231115489996,7.919999999999876,1237.0,1
1.6339917347446404,7.919999999999876,1238.0,1
1.6338603744956626,7.919999999999876,1239.0,1
1.6337290309718417,7.919999999999876,1240.0,1
1.6335977043458205,7.919999999999876,1241.0,1
1.6334663947872132,7.919999999999876,1242.0,1
1.633335102464276,7.919999999999876,1243.0,1
1.6332038275477692,7.919999999999876,1244.0,1
1.6330725702046858,7.919999999999876,1245.0,1
1.6329413305990772,7.919999999999876,1246.0,1
1.6328101089000873,7.919999999999876,1247.0,1
1.6326789052712496,7.919999999999876,1248.0,1
1.6325477198770408,7.919999999999876,1249.0,1
1.6324165528806667,7.909999999999876,1250.0,1
1.6322854044444999,7.909999999999876,1251.0,1
1.6321542747294144,7.909999999999876,1252.0,1
1.6320231638968534,7.909999999999876,1253.0,1
1.631892072106751,7.909999999999876,1254.0,1
1.6317609995183162,7.909999999999876,1255.0,1
1.631629946288944,7.909999999999876,1256.0,1
1.63149891257691,7.909999999999876,1257.0,1
1.6313678985381732,7.909999999999876,1258.0,1
1.63123690432907,7.909999999999876,1259.0,1
1.6311059301037152,7.909999999999876,1260.0,1
1.6309749760170313,7.909999999999876,1261.0,1
1.6308440422224488,7.909999999999876,1262.0,1
1.6307131288717376,7.909999999999876,1263.0,1
1.6305822361170865,7.909999999999876,1264.0,1
1.6304513641093124,7.899999999999876,1265.0,1
1.6303205129984921,7.899999999999876,1266.0,1
1.6301896829352853,7.899999999999876,1267.0,1
1.6300588740655693,7.899999999999876,1268.0,1
1.6299280865387622,7.899999999999876,1269.0,1
1.6297973205023766,7.899999999999876,1270.0,1
1.6296665761015294,7.899999999999876,1271.0,1
1.629535853482427,7.899999999999876,1272.0,1
1.6294051527900686,7.899999999999876,1273.0,1
1.629274474167467,7.899999999999876,1274.0,1
1.6291438177588058,7.899999999999876,1275.0,1
1.6290131837045374,7.899999999999876,1276.0,1
1.6288825721489573,7.899999999999876,1277.0,1
1.6287519832324904,7.899999999999876,1278.0,1
1.6286214170932738,7.899999999999876,1279.0,1
1.628490873872468,7.889999999999876,1280.0,1
1.6283603537089513,7.889999999999876,1281.0,1
1.6282298567402507,7.889999999999876,1282.0,1
1.6280993831034531,7.889999999999876,1283.0,1
1.6279689329354627,7.889999999999876,1284.0,1
1.627838506371816,7.889999999999876,1285.0,1
1.6277081035480334,7.889999999999876,1286.0,1
1.6275777245982714,7.889999999999876,1287.0,1
1.627447369655285,7.889999999999876,1288.0,1
1.6273170388534128,7.889999999999876,1289.0,1
1.6271867323243652,7.889999999999876,1290.0,1
1.6270564501993376,7.889999999999876,1291.0,1
1.6269261926102165,7.889999999999876,1292.0,1
1.6267959596867538,7.889999999999876,1293.0,1
1.6266657515561684,7.889999999999876,1294.0,1
1.6265355683503746,7.879999999999876,1295.0,1
1.6264054101960186,7.879999999999876,1296.0,1
1.6262752772212123,7.879999999999876,1297.0,1
1.6261451695524423,7.879999999999876,1298.0,1
1.6260150873151278,7.879999999999876,1299.0,1
1.625885030634671,7.879999999999876,1300.0,1
1.6257549996356429,7.879999999999876,1301.0,1
1.6256249944435808,7.879999999999876,1302.0,1
1.625495015181063,7.879999999999876,1303.0,1
1.6253650619701132,7.879999999999876,1304.0,1
1.625235134932114,7.879999999999876,1305.0,1
1.6251052341914292,7.879999999999876,1306.0,1
1.6249753598656598,7.879999999999876,1307.0,1
1.624845512076666,7.879999999999876,1308.0,1
1.6247156909432012,7.879999999999876,1309.0,1
1.6245858965845132,7.869999999999877,1310.0,1
1.6244561291187458,7.869999999999877,1311.0,1
1.6243263886633637,7.869999999999877,1312.0,1
1.624196675334824,7.869999999999877,1313.0,1
1.6240669892502615,7.869999999999877,1314.0,1
1.6239373305242997,7.869999999999877,1315.0,1
1.6238076992731962,7.869999999999877,1316.0,1
1.6236780956098829,7.869999999999877,1317.0,1
1.6235485196489812,7.869999999999877,1318.0,1
1.6234189715037988,7.869999999999877,1319.0,1
1.6232894512868479,7.869999999999877,1320.0,1
1.6231599591096628,7.869999999999877,1321.0,1
1.623030495083519,7.869999999999877,1322.0,1
1.6229010593205737,7.869999999999877,1323.0,1
1.622771651928172,7.869999999999877,1324.0,1
1.6226422730189962,7.869999999999877,1325.0,1
1.622512922698548,7.859999999999877,1326.0,1
1.6223836010785866,7.859999999999877,1327.0,1
1.622254308264365,7.859999999999877,1328.0,1
1.6221250443648785,7.859999999999877,1329.0,1
1.6219958094853861,7.859999999999877,1330.0,1
1.6218666037328842,7.859999999999877,1331.0,1
1.6217374272113954,7.859999999999877,1332.0,1
1.6216082800274931,7.859999999999877,1333.0,1
1.6214791622840423,7.859999999999877,1334.0,1
1.621350074084592,7.859999999999877,1335.0,1
1.6212210155334923,7.859999999999877,1336.0,1
1.6210919867335816,7.859999999999877,1337.0,1
1.6209629877844687,7.859999999999877,1338.0,1
1.620834018790096,7.859999999999877,1339.0,1
1.6207050798507434,7.859999999999877,1340.0,1
1.6205761710651307,7.849999999999877,1341.0,1
1.6204472925352857,7.849999999999877,1342.0,1
1.6203184443579948,7.849999999999877,1343.0,1
1.6201896266342997,7.849999999999877,1344.0,1
1.620060839460954,7.849999999999877,1345.0,1
1.6199320829359103,7.849999999999877,1346.0,1
1.6198033571566617,7.849999999999877,1347.0,1
1.6196746622188396,7.849999999999877,1348.0,1
1.61954599821915,7.849999999999877,1349.0,1
1.6194173652521193,7.849999999999877,1350.0,1
1.6192887634131663,7.849999999999877,1351.0,1
1.6191601927970691,7.849999999999877,1352.0,1
1.619031653497278,7.849999999999877,1353.0,1
1.6189031456068095,7.849999999999877,1354.0,1
1.6187746692199612,7.849999999999877,1355.0,1
1.618646224426239,7.849999999999877,1356.0,1
1.618517811319377,7.839999999999877,1357.0,1
1.618389429990456,7.839999999999877,1358.0,1
1.6182610805301425,7.839999999999877,1359.0,1
1.6181327630284619,7.839999999999877,1360.0,1
1.6180044775750937,7.839999999999877,1361.0,1
1.6178762242596443,7.839999999999877,1362.0,1
1.617748003171401,7.839999999999877,1363.0,1
1.6176198143959415,7.839999999999877,1364.0,1
1.6174916580236378,7.839999999999877,1365.0,1
1.617363534141806,7.839999999999877,1366.0,1
1.6172354428341913,7.839999999999877,1367.0,1
1.617107384190756,7.839999999999877,1368.0,1
1.616979358295323,7.839999999999877,1369.0,1
1.6168513652332523,7.839999999999877,1370.0,1
1.6167234050888193,7.839999999999877,1371.0,1
1.6165954779480156,7.839999999999877,1372.0,1
1.6164675838937899,7.8299999999998775,1373.0,1
1.6163397230090377,7.8299999999998775,1374.0,1
1.6162118953764946,7.8299999999998775,1375.0,1
1.6160841010785245,7.8299999999998775,1376.0,1
1.6159563401984982,7.8299999999998775,1377.0,1
1.6158286128167092,7.8299999999998775,1378.0,1
1.6157009190147884,7.8299999999998775,1379.0,1
1.6155732588722351,7.8299999999998775,1380.0,1
1.6154456324703903,7.8299999999998775,1381.0,1
1.615318039888049,7.8299999999998775,1382.0,1
1.615190481204035,7.8299999999998775,1383.0,1
1.6150629564981815,7.8299999999998775,1384.0,1
1.6149354658473358,7.8299999999998775,1385.0,1
1.6148080093305401,7.8299999999998775,1386.0,1
1.6146805870254446,7.8299999999998775,1387.0,1
1.6145531990065205,7.8299999999998775,1388.0,1
1.6144258453526974,7.8299999999998775,1389.0,1
1.614298526139436,7.819999999999878,1390.0,1
1.6141712414412213,7.819999999999878,1391.0,1
1.614043991334461,7.819999999999878,1392.0,1
1.6139167758921016,7.819999999999878,1393.0,1
1.6137895951912888,7.819999999999878,1394.0,1
1.613662449302688,7.819999999999878,1395.0,1
1.6135353383015292,7.819999999999878,1396.0,1
1.6134082622606756,7.819999999999878,1397.0,1
1.6132812212521552,7.819999999999878,1398.0,1
1.613154215348503,7.819999999999878,1399.0,1
1.6130272446211862,7.819999999999878,1400.0,1
1.6129003091415657,7.819999999999878,1401.0,1
1.6127734089798977,7.819999999999878,1402.0,1
1.6126465442069908,7.819999999999878,1403.0,1
1.612519714894129,7.819999999999878,1404.0,1
1.612392921107959,7.819999999999878,1405.0,1
1.6122661629203026,7.809999999999878,1406.0,1
1.6121394403989195,7.809999999999878,1407.0,1
1.61201275361241,7.809999999999878,1408.0,1
1.611886102628539,7.809999999999878,1409.0,1
1.611759487514969,7.809999999999878,1410.0,1
1.6116329083387928,7.809999999999878,1411.0,1
1.61150636516672,7.809999999999878,1412.0,1
1.6113798580652854,7.809999999999878,1413.0,1
1.6112533871002999,7.809999999999878,1414.0,1
1.611126952336995,7.809999999999878,1415.0,1
1.6110005538412246,7.809999999999878,1416.0,1
1.6108741916773104,7.809999999999878,1417.0,1
1.6107478659096075,7.809999999999878,1418.0,1
1.610621576602067,7.809999999999878,1419.0,1
1.6104953238187347,7.809999999999878,1420.0,1
1.6103691076227984,7.809999999999878,1421.0,1
1.6102429280770805,7.809999999999878,1422.0,1
1.610116785242138,7.799999999999878,1423.0,1
1.609990679182636,7.799999999999878,1424.0,1
1.6098646099594018,7.799999999999878,1425.0,1
1.609738577634484,7.799999999999878,1426.0,1
1.609612582267438,7.799999999999878,1427.0,1
1.6094866239195174,7.799999999999878,1428.0,1
1.6093607026495473,7.799999999999878,1429.0,1
1.6092348185197545,7.799999999999878,1430.0,1
1.6091089715883686,7.799999999999878,1431.0,1
1.6089831619148935,7.799999999999878,1432.0,1
1.6088573895577212,7.799999999999878,1433.0,1
1.608731654575036,7.799999999999878,1434.0,1
1.60860595702544,7.799999999999878,1435.0,1
1.608480296966174,7.799999999999878,1436.0,1
1.6083546744549595,7.799999999999878,1437.0,1
1.6082290895480136,7.799999999999878,1438.0,1
1.608103542302453,7.799999999999878,1439.0,1
1.6079780327754483,7.789999999999878,1440.0,1
1.6078525610204586,7.789999999999878,1441.0,1
1.6077271270940225,7.789999999999878,1442.0,1
1.6076017310522768,7.789999999999878,1443.0,1
1.6074763729501342,7.789999999999878,1444.0,1
1.6073510528403778,7.789999999999878,1445.0,1
1.6072257707787707,7.789999999999878,1446.0,1
1.607100526818312,7.789999999999878,1447.0,1
1.6069753210128184,7.789999999999878,1448.0,1
1.6068501534153987,7.789999999999878,1449.0,1
1.6067250240787008,7.789999999999878,1450.0,1
1.6065999330551557,7.789999999999878,1451.0,1
1.6064748803971078,7.789999999999878,1452.0,1
1.6063498661563695,7.789999999999878,1453.0,1
1.6062248903836043,7.789999999999878,1454.0,1
1.6060999531317903,7.789999999999878,1455.0,1
1.6059750544500668,7.789999999999878,1456.0,1
1.6058501943877719,7.779999999999879,1457.0,1
1.605725372998038,7.779999999999879,1458.0,1
1.6056005903287074,7.779999999999879,1459.0,1
1.6054758464303038,7.779999999999879,1460.0,1
1.6053511413513177,7.779999999999879,1461.0,1
1.6052264751408536,7.779999999999879,1462.0,1
1.6051018478479375,7.779999999999879,1463.0,1
1.6049772595202147,7.779999999999879,1464.0,1
1.6048527102046046,7.779999999999879,1465.0,1
1.6047281999509784,7.779999999999879,1466.0,1
1.6046037288054469,7.779999999999879,1467.0,1
1.60447929681475,7.779999999999879,1468.0,1
1.6043549040253617,7.779999999999879,1469.0,1
1.6042305504835845,7.779999999999879,1470.0,1
1.6041062362371028,7.779999999999879,1471.0,1
1.6039819613296533,7.779999999999879,1472.0,1
1.6038577258077975,7.779999999999879,1473.0,1
1.6037335297165578,7.769999999999879,1474.0,1
1.6036093731008918,7.769999999999879,1475.0,1
1.6034852560043986,7.769999999999879,1476.0,1
1.6033611784729438,7.769999999999879,1477.0,1
1.6032371405484296,7.769999999999879,1478.0,1
1.603113142277075,7.769999999999879,1479.0,1
1.6029891836997525,7.769999999999879,1480.0,1
1.6028652648600519,7.769999999999879,1481.0,1
1.6027413858014021,7.769999999999879,1482.0,1
1.6026175465664823,7.769999999999879,1483.0,1
1.602493747197294,7.769999999999879,1484.0,1
1.6023699877350537,7.769999999999879,1485.0,1
1.6022462682219996,7.769999999999879,1486.0,1
1.602122588699192,7.769999999999879,1487.0,1
1.601998949208858,7.769999999999879,1488.0,1
1.6018753497889464,7.769999999999879,1489.0,1
1.6017517904826237,7.769999999999879,1490.0,1
1.6016282713297723,7.769999999999879,1491.0,1
1.6015047923682482,7.759999999999879,1492.0,1
1.6013813536399444,7.759999999999879,1493.0,1
1.6012579551834847,7.759999999999879,1494.0,1
1.6011345970380209,7.759999999999879,1495.0,1
1.6010112792419402,7.759999999999879,1496.0,1
1.6008880018351583,7.759999999999879,1497.0,1
1.6007647648532595,7.759999999999879,1498.0,1
1.600641568336705,7.759999999999879,1499.0,1
1.6005184123224256,7.759999999999879,1500.0,1
